item_id,platform,channel,title,topic,tone,notes
t3_1wm37ty,reddit,r/AskReddit,"What career do you think will be huge in the next 10 years?",lifestyle,neutral,ambiguous: finance
t3_1wlnkjj,reddit,r/Denver,"What Colorado's graduated income tax ballot measure means for your paycheck",politics,neutral,ambiguous: finance
t3_1wkpsfo,reddit,r/GYM,"Rest Days 🚫",lifestyle,humor,ambiguous: health (fitness)
t3_1wmbq38,reddit,r/JoeRogan,"Joe Rogan discusses why he voted for Trump",politics,neutral,
t3_1wm9z1h,reddit,r/Jokes,"A Russian spy, an American spy and an Italian spy",entertainment,humor,
t3_1wlxzka,reddit,r/Killtony,"Watching these BTS episodes is confirming what I have been thinking all along, that most of the people on the show are merely tolerating Tony because it's his show...",entertainment,negative,
t3_1wlpde1,reddit,r/StonerThoughts,"If I blow smoke on a fly, will it get high?",entertainment,humor,ambiguous: lifestyle
t3_1wm78mm,reddit,r/explainlikeimfive,"ELI5: What is Ego Death?",education,neutral,ambiguous: science
t3_1wlibib,reddit,r/gymowner,"New Gym",lifestyle,neutral,ambiguous: finance (small business)
t3_1wkgkuj,reddit,r/martialarts,"What are some giveaways that a person knows something about fighting ?",sports,neutral,
t3_1wmk68s,reddit,r/personalfinance,"Am I wrong?  I strongly disagree with the numbers my financial advisor uses to say he beat S&P 500",finance,negative,
t3_1witraf,reddit,r/weed,"Does anyone else roll everything at once ?",lifestyle,neutral,
t3_1wlz7jk,reddit,r/whatisit,"metal in my jaw",health,neutral,ambiguous: other
t3_1udqsiy,reddit,,"Six months ago I built a little site Redditors can use to see if they're getting overcharged for car insurance. I launched it on here and the response has been insane: we just hit 700k users. So grateful to all of you. Try it out for yourself and see if you can save some money.",finance,positive,promoted post
t3_1wh7wbh,reddit,,"Cats, plants and peace at last. Visualize it with Gemini in Chrome.",technology,positive,promoted post
t3_1u6stuy,reddit,,"What's a game-changing website you've been using for years that still feel like a secret?",technology,neutral,"""game-changing"" trap, not gaming"
t3_1uaa3z8,reddit,,"Free PrEP + DoxyPEP",health,neutral,promoted post
t3_1lxcms0,reddit,,"What's the most powerfully useful underground website that most people don't know about?",technology,neutral,
t3_1wh5kqk,reddit,,"Unlock 100K communities actively researching products.",technology,neutral,promoted post; ambiguous: finance (marketing)
2092669931397759141,x,Starlink,"Starlink offers fast, reliable internet in the most rural and remote locations. Portable and easy to set up, Starlink Mini works wherever you are.

Order online in minutes.",technology,positive,ad
cE3hXizqAdQ,youtube,CNBC Television,"U.S.-China AI safety talks put new focus on what companies disclose when models break loose",technology,neutral,ambiguous: politics
Eec98ie0Plg,youtube,Chubbyemu,"A Woman Drank ""35% Food Grade Hydrogen Peroxide."" This Is What Happened To Her Brain.",health,negative,
Le-IKCLGT9A,youtube,Chubbyemu,"A Boy Rubbed 1 Tube Pain Relief Cream Between His Legs. This Is What Happened To His Brain.",health,negative,
FMeewLPl81M,youtube,Deestroying,"Tatted Up Dad FRIED D1 Commits for $10,000! (Portland 1on1's)",sports,positive,
fSCPw9z7HwE,youtube,Doctor Mike,"What Killed Every Movie Star",health,neutral,ambiguous: entertainment
0HqUYpGQIfs,youtube,Emergent Garden,"Emergent Complexity",science,neutral,ambiguous: technology
2Xiljy4xzbc,youtube,Fireship,"I built the same game with Astra and Fable 5.1... only one was fun",technology,humor,ambiguous: gaming (AI coding tool comparison)
OO225IfoR3s,youtube,Hoog,"Hugging Face: Why AI Might Kill Us",technology,negative,
4u5I8GYB79Y,youtube,Kurzgesagt – In a Nutshell,"The Deadliest Virus on Earth",science,negative,ambiguous: health
SpeSpA3e56A,youtube,LEMMiNO,"Extraordinary Until Proven Otherwise",entertainment,neutral,ambiguous: content not verifiable from title
fRf4XFeuS3k,youtube,MLB,"Dodgers rookie Josue De Paula is TEARING IT UP! | MLB Highlights",sports,positive,
a0N7AxxAGG4,youtube,Midwest Safety,"5 Star GTA Wanted Level in Real Life",crime,neutral,"""GTA"" trap, police chase content"
Y_gDzN2BYvY,youtube,Midwest Safety,"Late-Night Traffic Stop Leads to 34 Shots Fired",crime,negative,
IHC5u1OsLIk,youtube,Midwest Safety,"Gunman Vanishes Into Tunnel With Hostage",crime,negative,
f9IolErKgsw,youtube,NetworkChuck,"You Need to Get Your CCNA Right Now!!",technology,positive,ambiguous: education
ZXbHyq0O_4k,youtube,Pezle,"Apple vs 4Chan",technology,neutral,ambiguous: entertainment
8iAqhdSixmI,youtube,RAW CUTS,"RAFAEL | NYC DJ Set | RAW CUTS",entertainment,neutral,
iNGClJV92h8,youtube,Robby Bolt,"2 Rubiks Cubes 2 Cig 2 Beer SPEEDRUN (FORMER WR) (1:28.37)",entertainment,humor,"""speedrun"" trap, not gaming"
yRPTxxfhJA4,youtube,San Juan Mountains Livestream,"San Juan Mountains • September 17 • Montrose Colorado - Livestream",other,neutral,
H3BVoB-q-RQ,youtube,Snook,"Creepy True Reddit Threads",entertainment,negative,
5Y551mRznu0,youtube,Snook,"Unsettling True Reddit Threads",entertainment,negative,
XR25ZC_8bA0,youtube,Spds,"The Most Chaotic Hijack In History",crime,neutral,ambiguous: entertainment
wuTfB214gnk,youtube,Spinosnack,"Why We Will NEVER Know What Lived In The Prehistoric Deep Ocean",science,neutral,
2ZUWy-Wf2tM,youtube,Spinosnack,"This NEW Evidence Just Gave T. Rex a Terrifying New Rival",science,neutral,
KTDoyRelpfs,youtube,Steven Russell BASEBALL,"Who Will Actually Win The World Series This Year?",sports,neutral,
oZ-w0kOpylw,youtube,Tech With Tim,"Understand Local AI in 15 Minutes",technology,neutral,
ug4NZNWS7yk,youtube,The Three Pillars,"Why Do So Many Myths Say “DON’T LOOK BACK”?",education,neutral,ambiguous: entertainment
zzyiPCvM6Dk,youtube,Turkey Tom,"D4vd's Disturbing Fantasy: The Papertrail",crime,negative,ambiguous: entertainment
rCvIPV2yvJM,youtube,Turkey Tom,"The Brony Degenerates",entertainment,negative,
OMcEHCQ2BeM,youtube,UFC,"🚨 GREATEST FIRST ROUND KNOCKOUTS 🚨",sports,positive,
4DObnR4zh0E,youtube,Visual Venture,"Disturbing Airbnb Stories That Actually Happened",entertainment,negative,ambiguous: crime
B1osSbVGTSo,youtube,don’t look at me,"6 hours of disturbing unsolved mysteries",crime,negative,ambiguous: entertainment
OWykKXo1k7w,youtube,fern,"How to Escape Auschwitz",education,negative,history
0p_h2i-W5-c,youtube,,"How to Throw a 1-Seam Fastball.…",sports,neutral,
8qVWrBJSoUs,youtube,,"GOP Rep. to Trump: You've 'betrayed' Hispanic voters",politics,negative,
zfrNCgvd0u0,youtube,,"1.9 million urged to evacuate in Japan",news,negative,
GW05iIpTJN8,youtube,,"good morning house mix",entertainment,positive,
L10L8Z106Ak,youtube,,"The War Torn History of my Favorite Drug",education,neutral,ambiguous: health
sCdFNrUIkB4,youtube,,"Why Don't We Have A Hangover Cure? 🍺",health,neutral,
peKFHc-Jtto,youtube,,"Obsidian Just Won",gaming,neutral,ambiguous: technology (Obsidian the game studio vs the notes app)
